{
  "hash": "2e480550",
  "configHash": "b3e99d52",
  "lockfileHash": "ff04e9f3",
  "browserHash": "060ae547",
  "optimized": {
    "@angular/common": {
      "src": "../../../../../node_modules/@angular/common/fesm2022/common.mjs",
      "file": "@angular_common.js",
      "fileHash": "2ca392f1",
      "needsInterop": false
    },
    "@angular/core": {
      "src": "../../../../../node_modules/@angular/core/fesm2022/core.mjs",
      "file": "@angular_core.js",
      "fileHash": "88a29842",
      "needsInterop": false
    },
    "@angular/platform-browser": {
      "src": "../../../../../node_modules/@angular/platform-browser/fesm2022/platform-browser.mjs",
      "file": "@angular_platform-browser.js",
      "fileHash": "33e693bc",
      "needsInterop": false
    },
    "@angular/router": {
      "src": "../../../../../node_modules/@angular/router/fesm2022/router.mjs",
      "file": "@angular_router.js",
      "fileHash": "def34e5f",
      "needsInterop": false
    }
  },
  "chunks": {
    "chunk-6HXOKRCZ": {
      "file": "chunk-6HXOKRCZ.js"
    },
    "chunk-U2STV35N": {
      "file": "chunk-U2STV35N.js"
    },
    "chunk-O7KAIYEH": {
      "file": "chunk-O7KAIYEH.js"
    }
  }
}