{
  "hash": "494b99cd",
  "configHash": "ce01e5f9",
  "lockfileHash": "bcdbe675",
  "browserHash": "d922d6e9",
  "optimized": {
    "@angular/common": {
      "src": "../../../../../node_modules/@angular/common/fesm2022/common.mjs",
      "file": "@angular_common.js",
      "fileHash": "67b1ed9a",
      "needsInterop": false
    },
    "@angular/core": {
      "src": "../../../../../node_modules/@angular/core/fesm2022/core.mjs",
      "file": "@angular_core.js",
      "fileHash": "9a5a477d",
      "needsInterop": false
    },
    "@angular/forms": {
      "src": "../../../../../node_modules/@angular/forms/fesm2022/forms.mjs",
      "file": "@angular_forms.js",
      "fileHash": "5a7a8112",
      "needsInterop": false
    },
    "@angular/platform-browser": {
      "src": "../../../../../node_modules/@angular/platform-browser/fesm2022/platform-browser.mjs",
      "file": "@angular_platform-browser.js",
      "fileHash": "fa61cde7",
      "needsInterop": false
    },
    "@angular/router": {
      "src": "../../../../../node_modules/@angular/router/fesm2022/router.mjs",
      "file": "@angular_router.js",
      "fileHash": "bbf72c8e",
      "needsInterop": false
    },
    "ngx-cookie-service": {
      "src": "../../../../../node_modules/ngx-cookie-service/fesm2022/ngx-cookie-service.mjs",
      "file": "ngx-cookie-service.js",
      "fileHash": "36bf2142",
      "needsInterop": false
    },
    "rxjs": {
      "src": "../../../../../node_modules/rxjs/dist/esm5/index.js",
      "file": "rxjs.js",
      "fileHash": "aa0be98c",
      "needsInterop": false
    }
  },
  "chunks": {
    "chunk-Q72F7N3R": {
      "file": "chunk-Q72F7N3R.js"
    },
    "chunk-QXZ3I6XV": {
      "file": "chunk-QXZ3I6XV.js"
    },
    "chunk-L3TVDPFT": {
      "file": "chunk-L3TVDPFT.js"
    },
    "chunk-W7WAD56I": {
      "file": "chunk-W7WAD56I.js"
    }
  }
}